id,value
Cardiovascular_Abnormalities,C14.240
Cardiovascular_Abnormalities.Heart_Defects|Congenital,C14.240.400
Cardiovascular_Abnormalities.Heart_Defects|Congenital.22q11_Deletion_Syndrome,C14.240.400.021
Cardiovascular_Abnormalities.Heart_Defects|Congenital.22q11_Deletion_Syndrome.DiGeorge_Syndrome,C14.240.400.021.500
Cardiovascular_Abnormalities.Heart_Defects|Congenital.Alagille_Syndrome,C14.240.400.044
Cardiovascular_Abnormalities.Heart_Defects|Congenital.Aortic_Coarctation,C14.240.400.090
Cardiovascular_Abnormalities.Heart_Defects|Congenital.Arrhythmogenic_Right_Ventricular_Dysplasia,C14.240.400.145
Cardiovascular_Abnormalities.Heart_Defects|Congenital.Barth_Syndrome,C14.240.400.172
Cardiovascular_Abnormalities.Heart_Defects|Congenital.Cor_Triatriatum,C14.240.400.200
Cardiovascular_Abnormalities.Heart_Defects|Congenital.Coronary_Vessel_Anomalies,C14.240.400.210
Cardiovascular_Abnormalities.Heart_Defects|Congenital.Coronary_Vessel_Anomalies.Bland_White_Garland_Syndrome,C14.240.400.210.249
Cardiovascular_Abnormalities.Heart_Defects|Congenital.Coronary_Vessel_Anomalies.Myocardial_Bridging,C14.240.400.210.500
Cardiovascular_Abnormalities.Heart_Defects|Congenital.Crisscross_Heart,C14.240.400.220
Cardiovascular_Abnormalities.Heart_Defects|Congenital.Dextrocardia,C14.240.400.280
Cardiovascular_Abnormalities.Heart_Defects|Congenital.Dextrocardia.Kartagener_Syndrome,C14.240.400.280.500
Cardiovascular_Abnormalities.Heart_Defects|Congenital.Ductus_Arteriosus|Patent,C14.240.400.340
Cardiovascular_Abnormalities.Heart_Defects|Congenital.Ebstein_Anomaly,C14.240.400.395
Cardiovascular_Abnormalities.Heart_Defects|Congenital.Ectopia_Cordis,C14.240.400.422
Cardiovascular_Abnormalities.Heart_Defects|Congenital.Eisenmenger_Complex,C14.240.400.450
Cardiovascular_Abnormalities.Heart_Defects|Congenital.Heart_Septal_Defects,C14.240.400.560
Cardiovascular_Abnormalities.Heart_Defects|Congenital.Heart_Septal_Defects.Aortopulmonary_Septal_Defect,C14.240.400.560.098
Cardiovascular_Abnormalities.Heart_Defects|Congenital.Heart_Septal_Defects.Aortopulmonary_Septal_Defect.Truncus_Arteriosus|Persistent,C14.240.400.560.098.500
Cardiovascular_Abnormalities.Heart_Defects|Congenital.Heart_Septal_Defects.Endocardial_Cushion_Defects,C14.240.400.560.350
Cardiovascular_Abnormalities.Heart_Defects|Congenital.Heart_Septal_Defects.Heart_Septal_Defects|Atrial,C14.240.400.560.375
Cardiovascular_Abnormalities.Heart_Defects|Congenital.Heart_Septal_Defects.Heart_Septal_Defects|Atrial.Foramen_Ovale|Patent,C14.240.400.560.375.258
Cardiovascular_Abnormalities.Heart_Defects|Congenital.Heart_Septal_Defects.Heart_Septal_Defects|Atrial.Lutembacher_Syndrome,C14.240.400.560.375.518
Cardiovascular_Abnormalities.Heart_Defects|Congenital.Heart_Septal_Defects.Heart_Septal_Defects|Ventricular,C14.240.400.560.540
Cardiovascular_Abnormalities.Heart_Defects|Congenital.Heterotaxy_Syndrome,C14.240.400.592
Cardiovascular_Abnormalities.Heart_Defects|Congenital.Hypoplastic_Left_Heart_Syndrome,C14.240.400.625
Cardiovascular_Abnormalities.Heart_Defects|Congenital.Isolated_Noncompaction_of_the_Ventricular_Myocardium,C14.240.400.660
Cardiovascular_Abnormalities.Heart_Defects|Congenital.LEOPARD_Syndrome,C14.240.400.695
Cardiovascular_Abnormalities.Heart_Defects|Congenital.Levocardia,C14.240.400.701
Cardiovascular_Abnormalities.Heart_Defects|Congenital.Marfan_Syndrome,C14.240.400.725
Cardiovascular_Abnormalities.Heart_Defects|Congenital.Noonan_Syndrome,C14.240.400.787
Cardiovascular_Abnormalities.Heart_Defects|Congenital.Tetralogy_of_Fallot,C14.240.400.849
Cardiovascular_Abnormalities.Heart_Defects|Congenital.Transposition_of_Great_Vessels,C14.240.400.915
Cardiovascular_Abnormalities.Heart_Defects|Congenital.Transposition_of_Great_Vessels.Double_Outlet_Right_Ventricle,C14.240.400.915.300
Cardiovascular_Abnormalities.Heart_Defects|Congenital.Tricuspid_Atresia,C14.240.400.920
Cardiovascular_Abnormalities.Heart_Defects|Congenital.Trilogy_of_Fallot,C14.240.400.960
Cardiovascular_Abnormalities.Heart_Defects|Congenital.Trisomy_13_Syndrome,C14.240.400.970
Cardiovascular_Abnormalities.Heart_Defects|Congenital.Trisomy_18_Syndrome,C14.240.400.975
Cardiovascular_Abnormalities.Heart_Defects|Congenital.Turner_Syndrome,C14.240.400.980
Cardiovascular_Abnormalities.Vascular_Malformations,C14.240.850
Cardiovascular_Abnormalities.Vascular_Malformations.Arteriovenous_Malformations,C14.240.850.750
Cardiovascular_Abnormalities.Vascular_Malformations.Arteriovenous_Malformations.Arteriovenous_Fistula,C14.240.850.750.147
Cardiovascular_Abnormalities.Vascular_Malformations.Arteriovenous_Malformations.Arteriovenous_Fistula.Carotid~Cavernous_Sinus_Fistula,C14.240.850.750.147.500
Cardiovascular_Abnormalities.Vascular_Malformations.Arteriovenous_Malformations.Intracranial_Arteriovenous_Malformations,C14.240.850.750.295
Cardiovascular_Abnormalities.Vascular_Malformations.Arteriovenous_Malformations.Intracranial_Arteriovenous_Malformations.Vein_of_Galen_Malformations,C14.240.850.750.295.500
Cardiovascular_Abnormalities.Vascular_Malformations.Central_Nervous_System_Vascular_Malformations,C14.240.850.875
Cardiovascular_Abnormalities.Vascular_Malformations.Central_Nervous_System_Vascular_Malformations.Central_Nervous_System_Venous_Angioma,C14.240.850.875.124
Cardiovascular_Abnormalities.Vascular_Malformations.Central_Nervous_System_Vascular_Malformations.Hemangioma|Cavernous|Central_Nervous_System,C14.240.850.875.249
Cardiovascular_Abnormalities.Vascular_Malformations.Central_Nervous_System_Vascular_Malformations.Intracranial_Arteriovenous_Malformations,C14.240.850.875.500
Cardiovascular_Abnormalities.Vascular_Malformations.Central_Nervous_System_Vascular_Malformations.Intracranial_Arteriovenous_Malformations.Vein_of_Galen_Malformations,C14.240.850.875.500.500
Cardiovascular_Abnormalities.Vascular_Malformations.Central_Nervous_System_Vascular_Malformations.Sinus_Pericranii,C14.240.850.875.750
Cardiovascular_Abnormalities.Vascular_Malformations.May~Thurner_Syndrome,C14.240.850.906
Cardiovascular_Abnormalities.Vascular_Malformations.Median_Arcuate_Ligament_Syndrome,C14.240.850.922
Cardiovascular_Abnormalities.Vascular_Malformations.Pulmonary_Atresia,C14.240.850.937
Cardiovascular_Abnormalities.Vascular_Malformations.Scimitar_Syndrome,C14.240.850.968
Cardiovascular_Abnormalities.Vascular_Malformations.Single_Umbilical_Artery,C14.240.850.976
Cardiovascular_Abnormalities.Vascular_Malformations.Vascular_Fistula,C14.240.850.984
Cardiovascular_Abnormalities.Vascular_Malformations.Vascular_Fistula.Arterio~Arterial_Fistula,C14.240.850.984.500
Cardiovascular_Abnormalities.Vascular_Malformations.Vascular_Fistula.Arterio~Arterial_Fistula.Bland_White_Garland_Syndrome,C14.240.850.984.500.500
Cardiovascular_Abnormalities.Vascular_Malformations.Vascular_Fistula.Arteriovenous_Fistula,C14.240.850.984.750
Cardiovascular_Abnormalities.Vascular_Malformations.Vascular_Fistula.Arteriovenous_Fistula.Carotid~Cavernous_Sinus_Fistula,C14.240.850.984.750.500
Cardiovascular_Abnormalities.Vascular_Malformations.Vascular_Ring,C14.240.850.992
Cardiovascular_Infections,C14.260
Cardiovascular_Infections.Endocarditis|Bacterial,C14.260.249
Cardiovascular_Infections.Endocarditis|Bacterial.Endocarditis|Subacute_Bacterial,C14.260.249.407
Cardiovascular_Infections.Syphilis|Cardiovascular,C14.260.500
Cardiovascular_Infections.Tuberculosis|Cardiovascular,C14.260.750
Cardiovascular_Infections.Tuberculosis|Cardiovascular.Pericarditis|Tuberculous,C14.260.750.595
Heart_Diseases,C14.280
Heart_Diseases.Arrhythmias|Cardiac,C14.280.067
Heart_Diseases.Arrhythmias|Cardiac.Arrhythmia|Sinus,C14.280.067.093
Heart_Diseases.Arrhythmias|Cardiac.Arrhythmia|Sinus.Sick_Sinus_Syndrome,C14.280.067.093.249
Heart_Diseases.Arrhythmias|Cardiac.Arrhythmia|Sinus.Sinus_Arrest|Cardiac,C14.280.067.093.500
Heart_Diseases.Arrhythmias|Cardiac.Atrial_Fibrillation,C14.280.067.198
Heart_Diseases.Arrhythmias|Cardiac.Atrial_Flutter,C14.280.067.248
Heart_Diseases.Arrhythmias|Cardiac.Bradycardia,C14.280.067.319
Heart_Diseases.Arrhythmias|Cardiac.Brugada_Syndrome,C14.280.067.322
Heart_Diseases.Arrhythmias|Cardiac.Cardiac_Complexes|Premature,C14.280.067.325
Heart_Diseases.Arrhythmias|Cardiac.Cardiac_Complexes|Premature.Atrial_Premature_Complexes,C14.280.067.325.250
Heart_Diseases.Arrhythmias|Cardiac.Cardiac_Complexes|Premature.Ventricular_Premature_Complexes,C14.280.067.325.500
Heart_Diseases.Arrhythmias|Cardiac.Commotio_Cordis,C14.280.067.441
Heart_Diseases.Arrhythmias|Cardiac.Heart_Block,C14.280.067.558
Heart_Diseases.Arrhythmias|Cardiac.Heart_Block.Adams~Stokes_Syndrome,C14.280.067.558.137
Heart_Diseases.Arrhythmias|Cardiac.Heart_Block.Atrioventricular_Block,C14.280.067.558.230
Heart_Diseases.Arrhythmias|Cardiac.Heart_Block.Bundle~Branch_Block,C14.280.067.558.323
Heart_Diseases.Arrhythmias|Cardiac.Heart_Block.Interatrial_Block,C14.280.067.558.430
Heart_Diseases.Arrhythmias|Cardiac.Heart_Block.Sick_Sinus_Syndrome,C14.280.067.558.536
Heart_Diseases.Arrhythmias|Cardiac.Heart_Block.Sinoatrial_Block,C14.280.067.558.750
Heart_Diseases.Arrhythmias|Cardiac.Long_QT_Syndrome,C14.280.067.565
Heart_Diseases.Arrhythmias|Cardiac.Long_QT_Syndrome.Andersen_Syndrome,C14.280.067.565.070
Heart_Diseases.Arrhythmias|Cardiac.Long_QT_Syndrome.Jervell~Lange_Nielsen_Syndrome,C14.280.067.565.440
Heart_Diseases.Arrhythmias|Cardiac.Long_QT_Syndrome.Romano~Ward_Syndrome,C14.280.067.565.720
Heart_Diseases.Arrhythmias|Cardiac.Parasystole,C14.280.067.672
Heart_Diseases.Arrhythmias|Cardiac.Pre~Excitation_Syndromes,C14.280.067.780
Heart_Diseases.Arrhythmias|Cardiac.Pre~Excitation_Syndromes.Lown~Ganong~Levine_Syndrome,C14.280.067.780.560
Heart_Diseases.Arrhythmias|Cardiac.Pre~Excitation_Syndromes.Pre~Excitation|Mahaim~Type,C14.280.067.780.770
Heart_Diseases.Arrhythmias|Cardiac.Pre~Excitation_Syndromes.Wolff~Parkinson~White_Syndrome,C14.280.067.780.977
Heart_Diseases.Arrhythmias|Cardiac.Tachycardia,C14.280.067.845
Heart_Diseases.Arrhythmias|Cardiac.Tachycardia.Tachycardia|Paroxysmal,C14.280.067.845.695
Heart_Diseases.Arrhythmias|Cardiac.Tachycardia.Tachycardia|Reciprocating,C14.280.067.845.787
Heart_Diseases.Arrhythmias|Cardiac.Tachycardia.Tachycardia|Reciprocating.Tachycardia|Atrioventricular_Nodal_Reentry,C14.280.067.845.787.249
Heart_Diseases.Arrhythmias|Cardiac.Tachycardia.Tachycardia|Reciprocating.Tachycardia|Sinoatrial_Nodal_Reentry,C14.280.067.845.787.500
Heart_Diseases.Arrhythmias|Cardiac.Tachycardia.Tachycardia|Supraventricular,C14.280.067.845.880
Heart_Diseases.Arrhythmias|Cardiac.Tachycardia.Tachycardia|Supraventricular.Tachycardia|Ectopic_Atrial,C14.280.067.845.880.315
Heart_Diseases.Arrhythmias|Cardiac.Tachycardia.Tachycardia|Supraventricular.Tachycardia|Ectopic_Junctional,C14.280.067.845.880.320
Heart_Diseases.Arrhythmias|Cardiac.Tachycardia.Tachycardia|Supraventricular.Tachycardia|Sinus,C14.280.067.845.880.845
Heart_Diseases.Arrhythmias|Cardiac.Tachycardia.Tachycardia|Ventricular,C14.280.067.845.940
Heart_Diseases.Arrhythmias|Cardiac.Tachycardia.Tachycardia|Ventricular.Accelerated_Idioventricular_Rhythm,C14.280.067.845.940.349
Heart_Diseases.Arrhythmias|Cardiac.Tachycardia.Tachycardia|Ventricular.Torsades_de_Pointes,C14.280.067.845.940.700
Heart_Diseases.Arrhythmias|Cardiac.Ventricular_Fibrillation,C14.280.067.922
Heart_Diseases.Arrhythmias|Cardiac.Ventricular_Flutter,C14.280.067.961
Heart_Diseases.Carcinoid_Heart_Disease,C14.280.104
Heart_Diseases.Cardiac_Conduction_System_Disease,C14.280.123
Heart_Diseases.Cardiac_Conduction_System_Disease.Brugada_Syndrome,C14.280.123.250
Heart_Diseases.Cardiac_Conduction_System_Disease.Cardiac_Complexes|Premature,C14.280.123.375
Heart_Diseases.Cardiac_Conduction_System_Disease.Cardiac_Complexes|Premature.Atrial_Premature_Complexes,C14.280.123.375.250
Heart_Diseases.Cardiac_Conduction_System_Disease.Cardiac_Complexes|Premature.Ventricular_Premature_Complexes,C14.280.123.375.500
Heart_Diseases.Cardiac_Conduction_System_Disease.Heart_Block,C14.280.123.500
Heart_Diseases.Cardiac_Conduction_System_Disease.Heart_Block.Adams~Stokes_Syndrome,C14.280.123.500.137
Heart_Diseases.Cardiac_Conduction_System_Disease.Heart_Block.Atrioventricular_Block,C14.280.123.500.230
Heart_Diseases.Cardiac_Conduction_System_Disease.Heart_Block.Bundle~Branch_Block,C14.280.123.500.323
Heart_Diseases.Cardiac_Conduction_System_Disease.Heart_Block.Interatrial_Block,C14.280.123.500.430
Heart_Diseases.Cardiac_Conduction_System_Disease.Heart_Block.Sick_Sinus_Syndrome,C14.280.123.500.536
Heart_Diseases.Cardiac_Conduction_System_Disease.Heart_Block.Sinoatrial_Block,C14.280.123.500.750
Heart_Diseases.Cardiac_Conduction_System_Disease.Long_QT_Syndrome,C14.280.123.625
Heart_Diseases.Cardiac_Conduction_System_Disease.Long_QT_Syndrome.Andersen_Syndrome,C14.280.123.625.070
Heart_Diseases.Cardiac_Conduction_System_Disease.Long_QT_Syndrome.Jervell~Lange_Nielsen_Syndrome,C14.280.123.625.440
Heart_Diseases.Cardiac_Conduction_System_Disease.Long_QT_Syndrome.Romano~Ward_Syndrome,C14.280.123.625.720
Heart_Diseases.Cardiac_Conduction_System_Disease.Pre~Excitation_Syndromes,C14.280.123.750
Heart_Diseases.Cardiac_Conduction_System_Disease.Pre~Excitation_Syndromes.Lown~Ganong~Levine_Syndrome,C14.280.123.750.560
Heart_Diseases.Cardiac_Conduction_System_Disease.Pre~Excitation_Syndromes.Pre~Excitation|Mahaim~Type,C14.280.123.750.770
Heart_Diseases.Cardiac_Conduction_System_Disease.Pre~Excitation_Syndromes.Wolff~Parkinson~White_Syndrome,C14.280.123.750.977
Heart_Diseases.Cardiac_Conduction_System_Disease.Tachycardia,C14.280.123.875
Heart_Diseases.Cardiac_Conduction_System_Disease.Tachycardia.Tachycardia|Paroxysmal,C14.280.123.875.695
Heart_Diseases.Cardiac_Conduction_System_Disease.Tachycardia.Tachycardia|Reciprocating,C14.280.123.875.787
Heart_Diseases.Cardiac_Conduction_System_Disease.Tachycardia.Tachycardia|Reciprocating.Tachycardia|Atrioventricular_Nodal_Reentry,C14.280.123.875.787.249
Heart_Diseases.Cardiac_Conduction_System_Disease.Tachycardia.Tachycardia|Reciprocating.Tachycardia|Sinoatrial_Nodal_Reentry,C14.280.123.875.787.500
Heart_Diseases.Cardiac_Conduction_System_Disease.Tachycardia.Tachycardia|Supraventricular,C14.280.123.875.880
Heart_Diseases.Cardiac_Conduction_System_Disease.Tachycardia.Tachycardia|Supraventricular.Tachycardia|Ectopic_Atrial,C14.280.123.875.880.315
Heart_Diseases.Cardiac_Conduction_System_Disease.Tachycardia.Tachycardia|Supraventricular.Tachycardia|Ectopic_Junctional,C14.280.123.875.880.320
Heart_Diseases.Cardiac_Conduction_System_Disease.Tachycardia.Tachycardia|Supraventricular.Tachycardia|Sinus,C14.280.123.875.880.845
Heart_Diseases.Cardiac_Conduction_System_Disease.Tachycardia.Tachycardia|Ventricular,C14.280.123.875.940
Heart_Diseases.Cardiac_Conduction_System_Disease.Tachycardia.Tachycardia|Ventricular.Accelerated_Idioventricular_Rhythm,C14.280.123.875.940.349
Heart_Diseases.Cardiac_Conduction_System_Disease.Tachycardia.Tachycardia|Ventricular.Torsades_de_Pointes,C14.280.123.875.940.700
Heart_Diseases.Cardiac_Output|High,C14.280.142
Heart_Diseases.Cardiac_Output|Low,C14.280.148
Heart_Diseases.Cardiac_Tamponade,C14.280.155
Heart_Diseases.Cardiomegaly,C14.280.195
Heart_Diseases.Cardiomegaly.Cardiomyopathy|Dilated,C14.280.195.160
Heart_Diseases.Cardiomegaly.Hypertrophy|Left_Ventricular,C14.280.195.400
Heart_Diseases.Cardiomegaly.Hypertrophy|Right_Ventricular,C14.280.195.410
Heart_Diseases.Cardiomyopathies,C14.280.238
Heart_Diseases.Cardiomyopathies.Arrhythmogenic_Right_Ventricular_Dysplasia,C14.280.238.028
Heart_Diseases.Cardiomyopathies.Cardiomyopathy|Alcoholic,C14.280.238.057
Heart_Diseases.Cardiomyopathies.Cardiomyopathy|Dilated,C14.280.238.070
Heart_Diseases.Cardiomyopathies.Cardiomyopathy|Hypertrophic,C14.280.238.100
Heart_Diseases.Cardiomyopathies.Cardiomyopathy|Hypertrophic.Cardiomyopathy|Hypertrophic|Familial,C14.280.238.100.500
Heart_Diseases.Cardiomyopathies.Cardiomyopathy|Restrictive,C14.280.238.160
Heart_Diseases.Cardiomyopathies.Chagas_Cardiomyopathy,C14.280.238.190
Heart_Diseases.Cardiomyopathies.Diabetic_Cardiomyopathies,C14.280.238.235
Heart_Diseases.Cardiomyopathies.Endocardial_Fibroelastosis,C14.280.238.281
Heart_Diseases.Cardiomyopathies.Endocardial_Fibroelastosis.Isolated_Noncompaction_of_the_Ventricular_Myocardium,C14.280.238.281.500
Heart_Diseases.Cardiomyopathies.Endomyocardial_Fibrosis,C14.280.238.406
Heart_Diseases.Cardiomyopathies.Glycogen_Storage_Disease_Type_IIb,C14.280.238.458
Heart_Diseases.Cardiomyopathies.Kearns~Sayre_Syndrome,C14.280.238.510
Heart_Diseases.Cardiomyopathies.Myocardial_Reperfusion_Injury,C14.280.238.615
Heart_Diseases.Cardiomyopathies.Myocarditis,C14.280.238.625
Heart_Diseases.Cardiomyopathies.Sarcoglycanopathies,C14.280.238.812
Heart_Diseases.Endocarditis,C14.280.282
Heart_Diseases.Endocarditis.Endocarditis|Bacterial,C14.280.282.407
Heart_Diseases.Endocarditis.Endocarditis|Bacterial.Endocarditis|Subacute_Bacterial,C14.280.282.407.407
Heart_Diseases.Endocarditis.Endocarditis|Non~Infective,C14.280.282.703
Heart_Diseases.Heart_Aneurysm,C14.280.358
Heart_Diseases.Heart_Arrest,C14.280.383
Heart_Diseases.Heart_Arrest.Death|Sudden|Cardiac,C14.280.383.220
Heart_Diseases.Heart_Arrest.Death|Sudden|Cardiac.Karoshi_Death,C14.280.383.220.500
Heart_Diseases.Heart_Arrest.Out~of~Hospital_Cardiac_Arrest,C14.280.383.610
Heart_Diseases.Heart_Defects|Congenital,C14.280.400
Heart_Diseases.Heart_Defects|Congenital.22q11_Deletion_Syndrome,C14.280.400.044
Heart_Diseases.Heart_Defects|Congenital.22q11_Deletion_Syndrome.DiGeorge_Syndrome,C14.280.400.044.500
Heart_Diseases.Heart_Defects|Congenital.Aortic_Coarctation,C14.280.400.090
Heart_Diseases.Heart_Defects|Congenital.Arrhythmogenic_Right_Ventricular_Dysplasia,C14.280.400.145
Heart_Diseases.Heart_Defects|Congenital.Barth_Syndrome,C14.280.400.172
Heart_Diseases.Heart_Defects|Congenital.Cor_Triatriatum,C14.280.400.200
Heart_Diseases.Heart_Defects|Congenital.Coronary_Vessel_Anomalies,C14.280.400.210
Heart_Diseases.Heart_Defects|Congenital.Coronary_Vessel_Anomalies.Bland_White_Garland_Syndrome,C14.280.400.210.249
Heart_Diseases.Heart_Defects|Congenital.Coronary_Vessel_Anomalies.Myocardial_Bridging,C14.280.400.210.500
Heart_Diseases.Heart_Defects|Congenital.Crisscross_Heart,C14.280.400.220
Heart_Diseases.Heart_Defects|Congenital.Dextrocardia,C14.280.400.280
Heart_Diseases.Heart_Defects|Congenital.Dextrocardia.Kartagener_Syndrome,C14.280.400.280.500
Heart_Diseases.Heart_Defects|Congenital.Ductus_Arteriosus|Patent,C14.280.400.340
Heart_Diseases.Heart_Defects|Congenital.Ebstein_Anomaly,C14.280.400.395
Heart_Diseases.Heart_Defects|Congenital.Eisenmenger_Complex,C14.280.400.450
Heart_Diseases.Heart_Defects|Congenital.Heart_Septal_Defects,C14.280.400.560
Heart_Diseases.Heart_Defects|Congenital.Heart_Septal_Defects.Aortopulmonary_Septal_Defect,C14.280.400.560.098
Heart_Diseases.Heart_Defects|Congenital.Heart_Septal_Defects.Aortopulmonary_Septal_Defect.Truncus_Arteriosus|Persistent,C14.280.400.560.098.500
Heart_Diseases.Heart_Defects|Congenital.Heart_Septal_Defects.Endocardial_Cushion_Defects,C14.280.400.560.350
Heart_Diseases.Heart_Defects|Congenital.Heart_Septal_Defects.Heart_Septal_Defects|Atrial,C14.280.400.560.375
Heart_Diseases.Heart_Defects|Congenital.Heart_Septal_Defects.Heart_Septal_Defects|Atrial.Foramen_Ovale|Patent,C14.280.400.560.375.258
Heart_Diseases.Heart_Defects|Congenital.Heart_Septal_Defects.Heart_Septal_Defects|Atrial.Lutembacher_Syndrome,C14.280.400.560.375.518
Heart_Diseases.Heart_Defects|Congenital.Heart_Septal_Defects.Heart_Septal_Defects|Ventricular,C14.280.400.560.540
Heart_Diseases.Heart_Defects|Congenital.Heterotaxy_Syndrome,C14.280.400.592
Heart_Diseases.Heart_Defects|Congenital.Hypoplastic_Left_Heart_Syndrome,C14.280.400.625
Heart_Diseases.Heart_Defects|Congenital.Isolated_Noncompaction_of_the_Ventricular_Myocardium,C14.280.400.660
Heart_Diseases.Heart_Defects|Congenital.LEOPARD_Syndrome,C14.280.400.695
Heart_Diseases.Heart_Defects|Congenital.Levocardia,C14.280.400.701
Heart_Diseases.Heart_Defects|Congenital.Marfan_Syndrome,C14.280.400.725
Heart_Diseases.Heart_Defects|Congenital.Noonan_Syndrome,C14.280.400.787
Heart_Diseases.Heart_Defects|Congenital.Tetralogy_of_Fallot,C14.280.400.849
Heart_Diseases.Heart_Defects|Congenital.Transposition_of_Great_Vessels,C14.280.400.915
Heart_Diseases.Heart_Defects|Congenital.Transposition_of_Great_Vessels.Double_Outlet_Right_Ventricle,C14.280.400.915.300
Heart_Diseases.Heart_Defects|Congenital.Tricuspid_Atresia,C14.280.400.920
Heart_Diseases.Heart_Defects|Congenital.Trilogy_of_Fallot,C14.280.400.960
Heart_Diseases.Heart_Defects|Congenital.Trisomy_13_Syndrome,C14.280.400.970
Heart_Diseases.Heart_Defects|Congenital.Trisomy_18_Syndrome,C14.280.400.975
Heart_Diseases.Heart_Defects|Congenital.Turner_Syndrome,C14.280.400.980
Heart_Diseases.Heart_Failure,C14.280.434
Heart_Diseases.Heart_Failure.Cardio~Renal_Syndrome,C14.280.434.156
Heart_Diseases.Heart_Failure.Dyspnea|Paroxysmal,C14.280.434.313
Heart_Diseases.Heart_Failure.Edema|Cardiac,C14.280.434.482
Heart_Diseases.Heart_Failure.Heart_Failure|Diastolic,C14.280.434.611
Heart_Diseases.Heart_Failure.Heart_Failure|Systolic,C14.280.434.676
Heart_Diseases.Heart_Neoplasms,C14.280.459
Heart_Diseases.Heart_Neoplasms.Carney_Complex,C14.280.459.500
Heart_Diseases.Heart_Rupture,C14.280.470
Heart_Diseases.Heart_Rupture.Heart_Rupture|Post~Infarction,C14.280.470.475
Heart_Diseases.Heart_Rupture.Heart_Rupture|Post~Infarction.Ventricular_Septal_Rupture,C14.280.470.475.900
Heart_Diseases.Heart_Valve_Diseases,C14.280.484
Heart_Diseases.Heart_Valve_Diseases.Aortic_Valve_Insufficiency,C14.280.484.095
Heart_Diseases.Heart_Valve_Diseases.Aortic_Valve_Stenosis,C14.280.484.150
Heart_Diseases.Heart_Valve_Diseases.Aortic_Valve_Stenosis.Aortic_Stenosis|Subvalvular,C14.280.484.150.070
Heart_Diseases.Heart_Valve_Diseases.Aortic_Valve_Stenosis.Aortic_Stenosis|Subvalvular.Cardiomyopathy|Hypertrophic,C14.280.484.150.070.160
Heart_Diseases.Heart_Valve_Diseases.Aortic_Valve_Stenosis.Aortic_Stenosis|Subvalvular.Cardiomyopathy|Hypertrophic.Cardiomyopathy|Hypertrophic|Familial,C14.280.484.150.070.160.500
Heart_Diseases.Heart_Valve_Diseases.Aortic_Valve_Stenosis.Aortic_Stenosis|Subvalvular.Discrete_Subaortic_Stenosis,C14.280.484.150.070.210
Heart_Diseases.Heart_Valve_Diseases.Aortic_Valve_Stenosis.Aortic_Stenosis|Supravalvular,C14.280.484.150.535
Heart_Diseases.Heart_Valve_Diseases.Aortic_Valve_Stenosis.Aortic_Stenosis|Supravalvular.Williams_Syndrome,C14.280.484.150.535.960
Heart_Diseases.Heart_Valve_Diseases.Heart_Valve_Prolapse,C14.280.484.400
Heart_Diseases.Heart_Valve_Diseases.Heart_Valve_Prolapse.Aortic_Valve_Prolapse,C14.280.484.400.100
Heart_Diseases.Heart_Valve_Diseases.Heart_Valve_Prolapse.Mitral_Valve_Prolapse,C14.280.484.400.500
Heart_Diseases.Heart_Valve_Diseases.Heart_Valve_Prolapse.Tricuspid_Valve_Prolapse,C14.280.484.400.875
Heart_Diseases.Heart_Valve_Diseases.Mitral_Valve_Insufficiency,C14.280.484.461
Heart_Diseases.Heart_Valve_Diseases.Mitral_Valve_Stenosis,C14.280.484.517
Heart_Diseases.Heart_Valve_Diseases.Pulmonary_Atresia,C14.280.484.640
Heart_Diseases.Heart_Valve_Diseases.Pulmonary_Valve_Insufficiency,C14.280.484.660
Heart_Diseases.Heart_Valve_Diseases.Pulmonary_Valve_Stenosis,C14.280.484.716
Heart_Diseases.Heart_Valve_Diseases.Pulmonary_Valve_Stenosis.LEOPARD_Syndrome,C14.280.484.716.525
Heart_Diseases.Heart_Valve_Diseases.Pulmonary_Valve_Stenosis.Pulmonary_Subvalvular_Stenosis,C14.280.484.716.762
Heart_Diseases.Heart_Valve_Diseases.Tricuspid_Atresia,C14.280.484.845
Heart_Diseases.Heart_Valve_Diseases.Tricuspid_Valve_Insufficiency,C14.280.484.856
Heart_Diseases.Heart_Valve_Diseases.Tricuspid_Valve_Stenosis,C14.280.484.911
Heart_Diseases.Myocardial_Ischemia,C14.280.647
Heart_Diseases.Myocardial_Ischemia.Acute_Coronary_Syndrome,C14.280.647.124
Heart_Diseases.Myocardial_Ischemia.Angina_Pectoris,C14.280.647.187
Heart_Diseases.Myocardial_Ischemia.Angina_Pectoris.Angina|Unstable,C14.280.647.187.150
Heart_Diseases.Myocardial_Ischemia.Angina_Pectoris.Angina|Unstable.Angina_Pectoris|Variant,C14.280.647.187.150.150
Heart_Diseases.Myocardial_Ischemia.Angina_Pectoris.Angina|Stable,C14.280.647.187.362
Heart_Diseases.Myocardial_Ischemia.Angina_Pectoris.Microvascular_Angina,C14.280.647.187.575
Heart_Diseases.Myocardial_Ischemia.Coronary_Disease,C14.280.647.250
Heart_Diseases.Myocardial_Ischemia.Coronary_Disease.Coronary_Aneurysm,C14.280.647.250.250
Heart_Diseases.Myocardial_Ischemia.Coronary_Disease.Coronary_Artery_Disease,C14.280.647.250.260
Heart_Diseases.Myocardial_Ischemia.Coronary_Disease.Coronary_Occlusion,C14.280.647.250.272
Heart_Diseases.Myocardial_Ischemia.Coronary_Disease.Coronary_Stenosis,C14.280.647.250.285
Heart_Diseases.Myocardial_Ischemia.Coronary_Disease.Coronary_Stenosis.Coronary_Restenosis,C14.280.647.250.285.200
Heart_Diseases.Myocardial_Ischemia.Coronary_Disease.Coronary_Thrombosis,C14.280.647.250.290
Heart_Diseases.Myocardial_Ischemia.Coronary_Disease.Coronary_Vasospasm,C14.280.647.250.295
Heart_Diseases.Myocardial_Ischemia.Coronary_Disease.Coronary~Subclavian_Steal_Syndrome,C14.280.647.250.647
Heart_Diseases.Myocardial_Ischemia.Kounis_Syndrome,C14.280.647.375
Heart_Diseases.Myocardial_Ischemia.Myocardial_Infarction,C14.280.647.500
Heart_Diseases.Myocardial_Ischemia.Myocardial_Infarction.Anterior_Wall_Myocardial_Infarction,C14.280.647.500.093
Heart_Diseases.Myocardial_Ischemia.Myocardial_Infarction.Inferior_Wall_Myocardial_Infarction,C14.280.647.500.187
Heart_Diseases.Myocardial_Ischemia.Myocardial_Infarction.Non~ST_Elevated_Myocardial_Infarction,C14.280.647.500.469
Heart_Diseases.Myocardial_Ischemia.Myocardial_Infarction.Shock|Cardiogenic,C14.280.647.500.750
Heart_Diseases.Myocardial_Ischemia.Myocardial_Infarction.ST_Elevation_Myocardial_Infarction,C14.280.647.500.875
Heart_Diseases.Myocardial_Ischemia.Myocardial_Reperfusion_Injury,C14.280.647.625
Heart_Diseases.Myocardial_Stunning,C14.280.671
Heart_Diseases.Pericardial_Effusion,C14.280.695
Heart_Diseases.Pericarditis,C14.280.720
Heart_Diseases.Pericarditis.Pericarditis|Constrictive,C14.280.720.595
Heart_Diseases.Pericarditis.Pericarditis|Tuberculous,C14.280.720.801
Heart_Diseases.Pneumopericardium,C14.280.763
Heart_Diseases.Postpericardiotomy_Syndrome,C14.280.793
Heart_Diseases.Pulmonary_Heart_Disease,C14.280.832
Heart_Diseases.Rheumatic_Heart_Disease,C14.280.874
Heart_Diseases.Ventricular_Dysfunction,C14.280.945
Heart_Diseases.Ventricular_Dysfunction.Ventricular_Dysfunction|Left,C14.280.945.900
Heart_Diseases.Ventricular_Dysfunction.Ventricular_Dysfunction|Left.Takotsubo_Cardiomyopathy,C14.280.945.900.500
Heart_Diseases.Ventricular_Dysfunction.Ventricular_Dysfunction|Right,C14.280.945.910
Heart_Diseases.Ventricular_Outflow_Obstruction,C14.280.955
Heart_Diseases.Ventricular_Outflow_Obstruction.Aortic_Valve_Stenosis,C14.280.955.249
Heart_Diseases.Ventricular_Outflow_Obstruction.Aortic_Valve_Stenosis.Aortic_Stenosis|Subvalvular,C14.280.955.249.070
Heart_Diseases.Ventricular_Outflow_Obstruction.Aortic_Valve_Stenosis.Aortic_Stenosis|Subvalvular.Discrete_Subaortic_Stenosis,C14.280.955.249.070.210
Heart_Diseases.Ventricular_Outflow_Obstruction.Aortic_Valve_Stenosis.Aortic_Stenosis|Supravalvular,C14.280.955.249.535
Heart_Diseases.Ventricular_Outflow_Obstruction.Pulmonary_Valve_Stenosis,C14.280.955.750
Heart_Diseases.Ventricular_Outflow_Obstruction.Pulmonary_Valve_Stenosis.Pulmonary_Subvalvular_Stenosis,C14.280.955.750.762
Pregnancy_Complications|Cardiovascular,C14.583
Pregnancy_Complications|Cardiovascular.Embolism|Amniotic_Fluid,C14.583.404
Vascular_Diseases,C14.907
Vascular_Diseases.Aneurysm,C14.907.055
Vascular_Diseases.Aneurysm.Aneurysm|Dissecting,C14.907.055.050
Vascular_Diseases.Aneurysm.Aneurysm|Dissecting.Carotid_Artery|Internal|Dissection,C14.907.055.050.150
Vascular_Diseases.Aneurysm.Aneurysm|Dissecting.Loeys~Dietz_Syndrome,C14.907.055.050.362
Vascular_Diseases.Aneurysm.Aneurysm|Dissecting.Vertebral_Artery_Dissection,C14.907.055.050.575
Vascular_Diseases.Aneurysm.Aneurysm|False,C14.907.055.090
Vascular_Diseases.Aneurysm.Aneurysm|Infected,C14.907.055.131
Vascular_Diseases.Aneurysm.Aneurysm|Ruptured,C14.907.055.185
Vascular_Diseases.Aneurysm.Aneurysm|Ruptured.Aortic_Rupture,C14.907.055.185.125
Vascular_Diseases.Aneurysm.Aortic_Aneurysm,C14.907.055.239
Vascular_Diseases.Aneurysm.Aortic_Aneurysm.Aortic_Aneurysm|Abdominal,C14.907.055.239.075
Vascular_Diseases.Aneurysm.Aortic_Aneurysm.Aortic_Aneurysm|Thoracic,C14.907.055.239.125
Vascular_Diseases.Aneurysm.Aortic_Aneurysm.Aortic_Rupture,C14.907.055.239.175
Vascular_Diseases.Aneurysm.Aortic_Aneurysm.Loeys~Dietz_Syndrome,C14.907.055.239.587
Vascular_Diseases.Aneurysm.Coronary_Aneurysm,C14.907.055.395
Vascular_Diseases.Aneurysm.Endoleak,C14.907.055.501
Vascular_Diseases.Aneurysm.Heart_Aneurysm,C14.907.055.608
Vascular_Diseases.Aneurysm.Iliac_Aneurysm,C14.907.055.625
Vascular_Diseases.Aneurysm.Intracranial_Aneurysm,C14.907.055.635
Vascular_Diseases.Aneurysm.Microaneurysm,C14.907.055.817
Vascular_Diseases.Angiodysplasia,C14.907.075
Vascular_Diseases.Angiodysplasia.Gastric_Antral_Vascular_Ectasia,C14.907.075.280
Vascular_Diseases.Angiomatosis,C14.907.077
Vascular_Diseases.Angiomatosis.Angiomatosis|Bacillary,C14.907.077.060
Vascular_Diseases.Angiomatosis.Klippel~Trenaunay~Weber_Syndrome,C14.907.077.410
Vascular_Diseases.Angiomatosis.Sturge~Weber_Syndrome,C14.907.077.850
Vascular_Diseases.Angiomatosis.von_Hippel~Lindau_Disease,C14.907.077.925
Vascular_Diseases.Angioedema,C14.907.079
Vascular_Diseases.Angioedema.Angioedemas|Hereditary,C14.907.079.500
Vascular_Diseases.Angioedema.Angioedemas|Hereditary.Hereditary_Angioedema_Type_III,C14.907.079.500.500
Vascular_Diseases.Angioedema.Angioedemas|Hereditary.Hereditary_Angioedema_Types_I_and_II,C14.907.079.500.750
Vascular_Diseases.Aortic_Diseases,C14.907.109
Vascular_Diseases.Aortic_Diseases.Aortic_Aneurysm,C14.907.109.139
Vascular_Diseases.Aortic_Diseases.Aortic_Aneurysm.Aortic_Aneurysm|Abdominal,C14.907.109.139.075
Vascular_Diseases.Aortic_Diseases.Aortic_Aneurysm.Aortic_Aneurysm|Thoracic,C14.907.109.139.125
Vascular_Diseases.Aortic_Diseases.Aortic_Aneurysm.Aortic_Rupture,C14.907.109.139.175
Vascular_Diseases.Aortic_Diseases.Aortic_Aneurysm.Loeys~Dietz_Syndrome,C14.907.109.139.587
Vascular_Diseases.Aortic_Diseases.Aortic_Arch_Syndromes,C14.907.109.239
Vascular_Diseases.Aortic_Diseases.Aortic_Arch_Syndromes.Takayasu_Arteritis,C14.907.109.239.650
Vascular_Diseases.Aortic_Diseases.Aortic_Arch_Syndromes.Vascular_Ring,C14.907.109.239.825
Vascular_Diseases.Aortic_Diseases.Aortitis,C14.907.109.320
Vascular_Diseases.Aortic_Diseases.Leriche_Syndrome,C14.907.109.661
Vascular_Diseases.Arterial_Occlusive_Diseases,C14.907.137
Vascular_Diseases.Arterial_Occlusive_Diseases.Arteriosclerosis,C14.907.137.126
Vascular_Diseases.Arterial_Occlusive_Diseases.Arteriosclerosis.Arteriolosclerosis,C14.907.137.126.056
Vascular_Diseases.Arterial_Occlusive_Diseases.Arteriosclerosis.Arteriosclerosis_Obliterans,C14.907.137.126.114
Vascular_Diseases.Arterial_Occlusive_Diseases.Arteriosclerosis.Atherosclerosis,C14.907.137.126.307
Vascular_Diseases.Arterial_Occlusive_Diseases.Arteriosclerosis.Atherosclerosis.Peripheral_Arterial_Disease,C14.907.137.126.307.500
Vascular_Diseases.Arterial_Occlusive_Diseases.Arteriosclerosis.Coronary_Artery_Disease,C14.907.137.126.339
Vascular_Diseases.Arterial_Occlusive_Diseases.Arteriosclerosis.Intracranial_Arteriosclerosis,C14.907.137.126.372
Vascular_Diseases.Arterial_Occlusive_Diseases.Arteriosclerosis.Intracranial_Arteriosclerosis.Dementia|Vascular,C14.907.137.126.372.500
Vascular_Diseases.Arterial_Occlusive_Diseases.Arteriosclerosis.Intermittent_Claudication,C14.907.137.126.669
Vascular_Diseases.Arterial_Occlusive_Diseases.Carotid_Stenosis,C14.907.137.230
Vascular_Diseases.Arterial_Occlusive_Diseases.Fibromuscular_Dysplasia,C14.907.137.372
Vascular_Diseases.Arterial_Occlusive_Diseases.Leriche_Syndrome,C14.907.137.427
Vascular_Diseases.Arterial_Occlusive_Diseases.Malignant_Atrophic_Papulosis,C14.907.137.520
Vascular_Diseases.Arterial_Occlusive_Diseases.Median_Arcuate_Ligament_Syndrome,C14.907.137.527
Vascular_Diseases.Arterial_Occlusive_Diseases.Mesenteric_Vascular_Occlusion,C14.907.137.534
Vascular_Diseases.Arterial_Occlusive_Diseases.Moyamoya_Disease,C14.907.137.615
Vascular_Diseases.Arterial_Occlusive_Diseases.Renal_Artery_Obstruction,C14.907.137.727
Vascular_Diseases.Arterial_Occlusive_Diseases.Retinal_Artery_Occlusion,C14.907.137.780
Vascular_Diseases.Arterial_Occlusive_Diseases.Retinal_Artery_Occlusion.Susac_Syndrome,C14.907.137.780.500
Vascular_Diseases.Arterial_Occlusive_Diseases.Stenosis|Pulmonary_Artery,C14.907.137.825
Vascular_Diseases.Arterial_Occlusive_Diseases.Thromboangiitis_Obliterans,C14.907.137.870
Vascular_Diseases.Arteriovenous_Malformations,C14.907.150
Vascular_Diseases.Arteriovenous_Malformations.Arteriovenous_Fistula,C14.907.150.125
Vascular_Diseases.Arteriovenous_Malformations.Arteriovenous_Fistula.Carotid~Cavernous_Sinus_Fistula,C14.907.150.125.500
Vascular_Diseases.Arteriovenous_Malformations.Intracranial_Arteriovenous_Malformations,C14.907.150.295
Vascular_Diseases.Arteriovenous_Malformations.Intracranial_Arteriovenous_Malformations.Vein_of_Galen_Malformations,C14.907.150.295.500
Vascular_Diseases.Capillary_Leak_Syndrome,C14.907.218
Vascular_Diseases.Cerebrovascular_Disorders,C14.907.253
Vascular_Diseases.Cerebrovascular_Disorders.Basal_Ganglia_Cerebrovascular_Disease,C14.907.253.061
Vascular_Diseases.Cerebrovascular_Disorders.Basal_Ganglia_Cerebrovascular_Disease.Basal_Ganglia_Hemorrhage,C14.907.253.061.200
Vascular_Diseases.Cerebrovascular_Disorders.Basal_Ganglia_Cerebrovascular_Disease.Basal_Ganglia_Hemorrhage.Putaminal_Hemorrhage,C14.907.253.061.200.500
Vascular_Diseases.Cerebrovascular_Disorders.Brain_Ischemia,C14.907.253.092
Vascular_Diseases.Cerebrovascular_Disorders.Brain_Ischemia.Brain_Infarction,C14.907.253.092.477
Vascular_Diseases.Cerebrovascular_Disorders.Brain_Ischemia.Brain_Infarction.Brain_Stem_Infarctions,C14.907.253.092.477.100
Vascular_Diseases.Cerebrovascular_Disorders.Brain_Ischemia.Brain_Infarction.Brain_Stem_Infarctions.Lateral_Medullary_Syndrome,C14.907.253.092.477.100.500
Vascular_Diseases.Cerebrovascular_Disorders.Brain_Ischemia.Brain_Infarction.Cerebral_Infarction,C14.907.253.092.477.200
Vascular_Diseases.Cerebrovascular_Disorders.Brain_Ischemia.Brain_Infarction.Cerebral_Infarction.Dementia|Multi~Infarct,C14.907.253.092.477.200.199
Vascular_Diseases.Cerebrovascular_Disorders.Brain_Ischemia.Brain_Infarction.Cerebral_Infarction.Infarction|Anterior_Cerebral_Artery,C14.907.253.092.477.200.400
Vascular_Diseases.Cerebrovascular_Disorders.Brain_Ischemia.Brain_Infarction.Cerebral_Infarction.Infarction|Middle_Cerebral_Artery,C14.907.253.092.477.200.450
Vascular_Diseases.Cerebrovascular_Disorders.Brain_Ischemia.Brain_Infarction.Cerebral_Infarction.Infarction|Posterior_Cerebral_Artery,C14.907.253.092.477.200.475
Vascular_Diseases.Cerebrovascular_Disorders.Brain_Ischemia.Hypoxia~Ischemia|Brain,C14.907.253.092.716
Vascular_Diseases.Cerebrovascular_Disorders.Brain_Ischemia.Ischemic_Attack|Transient,C14.907.253.092.836
Vascular_Diseases.Cerebrovascular_Disorders.Brain_Ischemia.Vertebrobasilar_Insufficiency,C14.907.253.092.956
Vascular_Diseases.Cerebrovascular_Disorders.Brain_Ischemia.Vertebrobasilar_Insufficiency.Subclavian_Steal_Syndrome,C14.907.253.092.956.700
Vascular_Diseases.Cerebrovascular_Disorders.Carotid_Artery_Diseases,C14.907.253.123
Vascular_Diseases.Cerebrovascular_Disorders.Carotid_Artery_Diseases.Carotid_Artery_Injuries,C14.907.253.123.345
Vascular_Diseases.Cerebrovascular_Disorders.Carotid_Artery_Diseases.Carotid_Artery_Injuries.Carotid_Artery|Internal|Dissection,C14.907.253.123.345.300
Vascular_Diseases.Cerebrovascular_Disorders.Carotid_Artery_Diseases.Carotid_Artery_Thrombosis,C14.907.253.123.355
Vascular_Diseases.Cerebrovascular_Disorders.Carotid_Artery_Diseases.Carotid~Cavernous_Sinus_Fistula,C14.907.253.123.357
Vascular_Diseases.Cerebrovascular_Disorders.Carotid_Artery_Diseases.Carotid_Stenosis,C14.907.253.123.360
Vascular_Diseases.Cerebrovascular_Disorders.Carotid_Artery_Diseases.Moyamoya_Disease,C14.907.253.123.620
Vascular_Diseases.Cerebrovascular_Disorders.Cerebral_Small_Vessel_Diseases,C14.907.253.329
Vascular_Diseases.Cerebrovascular_Disorders.Cerebral_Small_Vessel_Diseases.CADASIL,C14.907.253.329.249
Vascular_Diseases.Cerebrovascular_Disorders.Cerebral_Small_Vessel_Diseases.Cerebral_Amyloid_Angiopathy|Familial,C14.907.253.329.311
Vascular_Diseases.Cerebrovascular_Disorders.Cerebral_Small_Vessel_Diseases.Fabry_Disease,C14.907.253.329.374
Vascular_Diseases.Cerebrovascular_Disorders.Cerebral_Small_Vessel_Diseases.MELAS_Syndrome,C14.907.253.329.500
Vascular_Diseases.Cerebrovascular_Disorders.Cerebral_Small_Vessel_Diseases.Microscopic_Polyangiitis,C14.907.253.329.600
Vascular_Diseases.Cerebrovascular_Disorders.Cerebral_Small_Vessel_Diseases.Stroke|Lacunar,C14.907.253.329.800
Vascular_Diseases.Cerebrovascular_Disorders.Cerebrovascular_Trauma,C14.907.253.535
Vascular_Diseases.Cerebrovascular_Disorders.Cerebrovascular_Trauma.Carotid_Artery_Injuries,C14.907.253.535.500
Vascular_Diseases.Cerebrovascular_Disorders.Cerebrovascular_Trauma.Carotid_Artery_Injuries.Carotid_Artery|Internal|Dissection,C14.907.253.535.500.300
Vascular_Diseases.Cerebrovascular_Disorders.Cerebrovascular_Trauma.Carotid_Artery_Injuries.Carotid~Cavernous_Sinus_Fistula,C14.907.253.535.500.350
Vascular_Diseases.Cerebrovascular_Disorders.Cerebrovascular_Trauma.Subarachnoid_Hemorrhage|Traumatic,C14.907.253.535.600
Vascular_Diseases.Cerebrovascular_Disorders.Cerebrovascular_Trauma.Vertebral_Artery_Dissection,C14.907.253.535.800
Vascular_Diseases.Cerebrovascular_Disorders.Intracranial_Arterial_Diseases,C14.907.253.560
Vascular_Diseases.Cerebrovascular_Disorders.Intracranial_Arterial_Diseases.Cerebral_Arterial_Diseases,C14.907.253.560.200
Vascular_Diseases.Cerebrovascular_Disorders.Intracranial_Arterial_Diseases.Cerebral_Arterial_Diseases.CADASIL,C14.907.253.560.200.175
Vascular_Diseases.Cerebrovascular_Disorders.Intracranial_Arterial_Diseases.Cerebral_Arterial_Diseases.Cerebral_Amyloid_Angiopathy,C14.907.253.560.200.200
Vascular_Diseases.Cerebrovascular_Disorders.Intracranial_Arterial_Diseases.Cerebral_Arterial_Diseases.Cerebral_Amyloid_Angiopathy.Cerebral_Amyloid_Angiopathy|Familial,C14.907.253.560.200.200.160
Vascular_Diseases.Cerebrovascular_Disorders.Intracranial_Arterial_Diseases.Cerebral_Arterial_Diseases.Infarction|Anterior_Cerebral_Artery,C14.907.253.560.200.325
Vascular_Diseases.Cerebrovascular_Disorders.Intracranial_Arterial_Diseases.Cerebral_Arterial_Diseases.Infarction|Middle_Cerebral_Artery,C14.907.253.560.200.387
Vascular_Diseases.Cerebrovascular_Disorders.Intracranial_Arterial_Diseases.Cerebral_Arterial_Diseases.Infarction|Posterior_Cerebral_Artery,C14.907.253.560.200.418
Vascular_Diseases.Cerebrovascular_Disorders.Intracranial_Arterial_Diseases.Cerebral_Arterial_Diseases.Moyamoya_Disease,C14.907.253.560.200.737
Vascular_Diseases.Cerebrovascular_Disorders.Intracranial_Arterial_Diseases.Intracranial_Aneurysm,C14.907.253.560.300
Vascular_Diseases.Cerebrovascular_Disorders.Intracranial_Arterial_Diseases.Intracranial_Arteriosclerosis,C14.907.253.560.350
Vascular_Diseases.Cerebrovascular_Disorders.Intracranial_Arterial_Diseases.Intracranial_Arteriosclerosis.Dementia|Vascular,C14.907.253.560.350.500
Vascular_Diseases.Cerebrovascular_Disorders.Intracranial_Arterial_Diseases.Intracranial_Arteriovenous_Malformations,C14.907.253.560.400
Vascular_Diseases.Cerebrovascular_Disorders.Intracranial_Arterial_Diseases.Intracranial_Arteriovenous_Malformations.Vein_of_Galen_Malformations,C14.907.253.560.400.500
Vascular_Diseases.Cerebrovascular_Disorders.Intracranial_Embolism_and_Thrombosis,C14.907.253.566
Vascular_Diseases.Cerebrovascular_Disorders.Intracranial_Embolism_and_Thrombosis.Carotid_Artery_Thrombosis,C14.907.253.566.206
Vascular_Diseases.Cerebrovascular_Disorders.Intracranial_Embolism_and_Thrombosis.Intracranial_Embolism,C14.907.253.566.300
Vascular_Diseases.Cerebrovascular_Disorders.Intracranial_Embolism_and_Thrombosis.Intracranial_Thrombosis,C14.907.253.566.350
Vascular_Diseases.Cerebrovascular_Disorders.Intracranial_Embolism_and_Thrombosis.Intracranial_Thrombosis.Sinus_Thrombosis|Intracranial,C14.907.253.566.350.500
Vascular_Diseases.Cerebrovascular_Disorders.Intracranial_Embolism_and_Thrombosis.Intracranial_Thrombosis.Sinus_Thrombosis|Intracranial.Cavernous_Sinus_Thrombosis,C14.907.253.566.350.500.375
Vascular_Diseases.Cerebrovascular_Disorders.Intracranial_Embolism_and_Thrombosis.Intracranial_Thrombosis.Sinus_Thrombosis|Intracranial.Lateral_Sinus_Thrombosis,C14.907.253.566.350.500.562
Vascular_Diseases.Cerebrovascular_Disorders.Intracranial_Embolism_and_Thrombosis.Intracranial_Thrombosis.Sinus_Thrombosis|Intracranial.Sagittal_Sinus_Thrombosis,C14.907.253.566.350.500.750
Vascular_Diseases.Cerebrovascular_Disorders.Intracranial_Hemorrhages,C14.907.253.573
Vascular_Diseases.Cerebrovascular_Disorders.Intracranial_Hemorrhages.Cerebral_Hemorrhage,C14.907.253.573.200
Vascular_Diseases.Cerebrovascular_Disorders.Intracranial_Hemorrhages.Cerebral_Hemorrhage.Basal_Ganglia_Hemorrhage,C14.907.253.573.200.150
Vascular_Diseases.Cerebrovascular_Disorders.Intracranial_Hemorrhages.Cerebral_Hemorrhage.Basal_Ganglia_Hemorrhage.Putaminal_Hemorrhage,C14.907.253.573.200.150.500
Vascular_Diseases.Cerebrovascular_Disorders.Intracranial_Hemorrhages.Cerebral_Hemorrhage.Cerebral_Hemorrhage|Traumatic,C14.907.253.573.200.200
Vascular_Diseases.Cerebrovascular_Disorders.Intracranial_Hemorrhages.Cerebral_Hemorrhage.Cerebral_Intraventricular_Hemorrhage,C14.907.253.573.200.600
Vascular_Diseases.Cerebrovascular_Disorders.Intracranial_Hemorrhages.Intracranial_Hemorrhage|Hypertensive,C14.907.253.573.350
Vascular_Diseases.Cerebrovascular_Disorders.Intracranial_Hemorrhages.Intracranial_Hemorrhage|Traumatic,C14.907.253.573.400
Vascular_Diseases.Cerebrovascular_Disorders.Intracranial_Hemorrhages.Intracranial_Hemorrhage|Traumatic.Brain_Hemorrhage|Traumatic,C14.907.253.573.400.150
Vascular_Diseases.Cerebrovascular_Disorders.Intracranial_Hemorrhages.Intracranial_Hemorrhage|Traumatic.Brain_Hemorrhage|Traumatic.Brain_Stem_Hemorrhage|Traumatic,C14.907.253.573.400.150.200
Vascular_Diseases.Cerebrovascular_Disorders.Intracranial_Hemorrhages.Intracranial_Hemorrhage|Traumatic.Brain_Hemorrhage|Traumatic.Cerebral_Hemorrhage|Traumatic,C14.907.253.573.400.150.300
Vascular_Diseases.Cerebrovascular_Disorders.Intracranial_Hemorrhages.Intracranial_Hemorrhage|Traumatic.Hematoma|Epidural|Cranial,C14.907.253.573.400.400
Vascular_Diseases.Cerebrovascular_Disorders.Intracranial_Hemorrhages.Intracranial_Hemorrhage|Traumatic.Hematoma|Subdural,C14.907.253.573.400.450
Vascular_Diseases.Cerebrovascular_Disorders.Intracranial_Hemorrhages.Intracranial_Hemorrhage|Traumatic.Hematoma|Subdural.Hematoma|Subdural|Acute,C14.907.253.573.400.450.050
Vascular_Diseases.Cerebrovascular_Disorders.Intracranial_Hemorrhages.Intracranial_Hemorrhage|Traumatic.Hematoma|Subdural.Hematoma|Subdural|Chronic,C14.907.253.573.400.450.120
Vascular_Diseases.Cerebrovascular_Disorders.Intracranial_Hemorrhages.Intracranial_Hemorrhage|Traumatic.Hematoma|Subdural.Hematoma|Subdural|Intracranial,C14.907.253.573.400.450.400
Vascular_Diseases.Cerebrovascular_Disorders.Intracranial_Hemorrhages.Intracranial_Hemorrhage|Traumatic.Subarachnoid_Hemorrhage|Traumatic,C14.907.253.573.400.700
Vascular_Diseases.Cerebrovascular_Disorders.Intracranial_Hemorrhages.Pituitary_Apoplexy,C14.907.253.573.600
Vascular_Diseases.Cerebrovascular_Disorders.Intracranial_Hemorrhages.Subarachnoid_Hemorrhage,C14.907.253.573.800
Vascular_Diseases.Cerebrovascular_Disorders.Intracranial_Hemorrhages.Subarachnoid_Hemorrhage.Subarachnoid_Hemorrhage|Traumatic,C14.907.253.573.800.700
Vascular_Diseases.Cerebrovascular_Disorders.Leukomalacia|Periventricular,C14.907.253.612
Vascular_Diseases.Cerebrovascular_Disorders.Sneddon_Syndrome,C14.907.253.774
Vascular_Diseases.Cerebrovascular_Disorders.Stroke,C14.907.253.855
Vascular_Diseases.Cerebrovascular_Disorders.Stroke.Brain_Infarction,C14.907.253.855.200
Vascular_Diseases.Cerebrovascular_Disorders.Stroke.Brain_Infarction.Brain_Stem_Infarctions,C14.907.253.855.200.100
Vascular_Diseases.Cerebrovascular_Disorders.Stroke.Brain_Infarction.Brain_Stem_Infarctions.Lateral_Medullary_Syndrome,C14.907.253.855.200.100.500
Vascular_Diseases.Cerebrovascular_Disorders.Stroke.Brain_Infarction.Cerebral_Infarction,C14.907.253.855.200.200
Vascular_Diseases.Cerebrovascular_Disorders.Stroke.Brain_Infarction.Cerebral_Infarction.Dementia|Multi~Infarct,C14.907.253.855.200.200.199
Vascular_Diseases.Cerebrovascular_Disorders.Stroke.Brain_Infarction.Cerebral_Infarction.Infarction|Anterior_Cerebral_Artery,C14.907.253.855.200.200.400
Vascular_Diseases.Cerebrovascular_Disorders.Stroke.Brain_Infarction.Cerebral_Infarction.Infarction|Middle_Cerebral_Artery,C14.907.253.855.200.200.450
Vascular_Diseases.Cerebrovascular_Disorders.Stroke.Brain_Infarction.Cerebral_Infarction.Infarction|Posterior_Cerebral_Artery,C14.907.253.855.200.200.475
Vascular_Diseases.Cerebrovascular_Disorders.Stroke.Stroke|Lacunar,C14.907.253.855.600
Vascular_Diseases.Cerebrovascular_Disorders.Vascular_Headaches,C14.907.253.937
Vascular_Diseases.Cerebrovascular_Disorders.Vasculitis|Central_Nervous_System,C14.907.253.946
Vascular_Diseases.Cerebrovascular_Disorders.Vasculitis|Central_Nervous_System.AIDS_Arteritis|Central_Nervous_System,C14.907.253.946.175
Vascular_Diseases.Cerebrovascular_Disorders.Vasculitis|Central_Nervous_System.Giant_Cell_Arteritis,C14.907.253.946.700
Vascular_Diseases.Cerebrovascular_Disorders.Vasculitis|Central_Nervous_System.Lupus_Vasculitis|Central_Nervous_System,C14.907.253.946.850
Vascular_Diseases.Cerebrovascular_Disorders.Vasospasm|Intracranial,C14.907.253.951
Vascular_Diseases.Colitis|Ischemic,C14.907.286
Vascular_Diseases.Compartment_Syndromes,C14.907.303
Vascular_Diseases.Compartment_Syndromes.Anterior_Compartment_Syndrome,C14.907.303.063
Vascular_Diseases.Compartment_Syndromes.Intra~Abdominal_Hypertension,C14.907.303.297
Vascular_Diseases.Compartment_Syndromes.Ischemic_Contracture,C14.907.303.531
Vascular_Diseases.Diabetic_Angiopathies,C14.907.320
Vascular_Diseases.Diabetic_Angiopathies.Diabetic_Foot,C14.907.320.191
Vascular_Diseases.Diabetic_Angiopathies.Diabetic_Retinopathy,C14.907.320.382
Vascular_Diseases.Embolism_and_Thrombosis,C14.907.355
Vascular_Diseases.Embolism_and_Thrombosis.Embolism,C14.907.355.350
Vascular_Diseases.Embolism_and_Thrombosis.Embolism.Embolism|Air,C14.907.355.350.254
Vascular_Diseases.Embolism_and_Thrombosis.Embolism.Embolism|Amniotic_Fluid,C14.907.355.350.354
Vascular_Diseases.Embolism_and_Thrombosis.Embolism.Embolism|Fat,C14.907.355.350.454
Vascular_Diseases.Embolism_and_Thrombosis.Embolism.Embolism|Fat.Embolism|Cholesterol,C14.907.355.350.454.500
Vascular_Diseases.Embolism_and_Thrombosis.Embolism.Embolism|Fat.Embolism|Cholesterol.Blue_Toe_Syndrome,C14.907.355.350.454.500.200
Vascular_Diseases.Embolism_and_Thrombosis.Embolism.Pulmonary_Embolism,C14.907.355.350.700
Vascular_Diseases.Embolism_and_Thrombosis.Embolism.Pulmonary_Embolism.Pulmonary_Infarction,C14.907.355.350.700.500
Vascular_Diseases.Embolism_and_Thrombosis.Thromboembolism,C14.907.355.590
Vascular_Diseases.Embolism_and_Thrombosis.Thromboembolism.Intracranial_Embolism_and_Thrombosis,C14.907.355.590.213
Vascular_Diseases.Embolism_and_Thrombosis.Thromboembolism.Intracranial_Embolism_and_Thrombosis.Carotid_Artery_Thrombosis,C14.907.355.590.213.206
Vascular_Diseases.Embolism_and_Thrombosis.Thromboembolism.Intracranial_Embolism_and_Thrombosis.Intracranial_Embolism,C14.907.355.590.213.300
Vascular_Diseases.Embolism_and_Thrombosis.Thromboembolism.Intracranial_Embolism_and_Thrombosis.Intracranial_Thrombosis,C14.907.355.590.213.350
Vascular_Diseases.Embolism_and_Thrombosis.Thromboembolism.Intracranial_Embolism_and_Thrombosis.Intracranial_Thrombosis.Sinus_Thrombosis|Intracranial,C14.907.355.590.213.350.500
Vascular_Diseases.Embolism_and_Thrombosis.Thromboembolism.Intracranial_Embolism_and_Thrombosis.Intracranial_Thrombosis.Sinus_Thrombosis|Intracranial.Cavernous_Sinus_Thrombosis,C14.907.355.590.213.350.500.375
Vascular_Diseases.Embolism_and_Thrombosis.Thromboembolism.Intracranial_Embolism_and_Thrombosis.Intracranial_Thrombosis.Sinus_Thrombosis|Intracranial.Lateral_Sinus_Thrombosis,C14.907.355.590.213.350.500.562
Vascular_Diseases.Embolism_and_Thrombosis.Thromboembolism.Intracranial_Embolism_and_Thrombosis.Intracranial_Thrombosis.Sinus_Thrombosis|Intracranial.Sagittal_Sinus_Thrombosis,C14.907.355.590.213.350.500.750
Vascular_Diseases.Embolism_and_Thrombosis.Thromboembolism.Embolism|Paradoxical,C14.907.355.590.400
Vascular_Diseases.Embolism_and_Thrombosis.Thromboembolism.Venous_Thromboembolism,C14.907.355.590.700
Vascular_Diseases.Embolism_and_Thrombosis.Thrombosis,C14.907.355.830
Vascular_Diseases.Embolism_and_Thrombosis.Thrombosis.Coronary_Thrombosis,C14.907.355.830.220
Vascular_Diseases.Embolism_and_Thrombosis.Thrombosis.Venous_Thrombosis,C14.907.355.830.925
Vascular_Diseases.Embolism_and_Thrombosis.Thrombosis.Venous_Thrombosis.Budd~Chiari_Syndrome,C14.907.355.830.925.275
Vascular_Diseases.Embolism_and_Thrombosis.Thrombosis.Venous_Thrombosis.Postthrombotic_Syndrome,C14.907.355.830.925.462
Vascular_Diseases.Embolism_and_Thrombosis.Thrombosis.Venous_Thrombosis.Retinal_Vein_Occlusion,C14.907.355.830.925.650
Vascular_Diseases.Embolism_and_Thrombosis.Thrombosis.Venous_Thrombosis.Thrombophlebitis,C14.907.355.830.925.770
Vascular_Diseases.Embolism_and_Thrombosis.Thrombosis.Venous_Thrombosis.Thrombophlebitis.Lemierre_Syndrome,C14.907.355.830.925.770.500
Vascular_Diseases.Embolism_and_Thrombosis.Thrombosis.Venous_Thrombosis.Upper_Extremity_Deep_Vein_Thrombosis,C14.907.355.830.925.885
Vascular_Diseases.Hand~Arm_Vibration_Syndrome,C14.907.440
Vascular_Diseases.Hemorrhoids,C14.907.449
Vascular_Diseases.Hemostatic_Disorders,C14.907.454
Vascular_Diseases.Hemostatic_Disorders.Cryoglobulinemia,C14.907.454.140
Vascular_Diseases.Hemostatic_Disorders.Ehlers~Danlos_Syndrome,C14.907.454.240
Vascular_Diseases.Hemostatic_Disorders.Hemangioma|Cavernous,C14.907.454.385
Vascular_Diseases.Hemostatic_Disorders.Hemangioma|Cavernous.Hemangioma|Cavernous|Central_Nervous_System,C14.907.454.385.500
Vascular_Diseases.Hemostatic_Disorders.Multiple_Myeloma,C14.907.454.460
Vascular_Diseases.Hemostatic_Disorders.Pseudoxanthoma_Elasticum,C14.907.454.530
Vascular_Diseases.Hemostatic_Disorders.Purpura|Hyperglobulinemic,C14.907.454.550
Vascular_Diseases.Hemostatic_Disorders.Scurvy,C14.907.454.800
Vascular_Diseases.Hemostatic_Disorders.Shwartzman_Phenomenon,C14.907.454.810
Vascular_Diseases.Hemostatic_Disorders.Telangiectasia|Hereditary_Hemorrhagic,C14.907.454.900
Vascular_Diseases.Hemostatic_Disorders.Waldenstrom_Macroglobulinemia,C14.907.454.960
Vascular_Diseases.Hepatic_Veno~Occlusive_Disease,C14.907.460
Vascular_Diseases.Hyperemia,C14.907.474
Vascular_Diseases.Hypertension,C14.907.489
Vascular_Diseases.Hypertension.Essential_Hypertension,C14.907.489.165
Vascular_Diseases.Hypertension.Hypertension|Malignant,C14.907.489.330
Vascular_Diseases.Hypertension.Hypertension|Pregnancy~Induced,C14.907.489.480
Vascular_Diseases.Hypertension.Hypertension|Renal,C14.907.489.631
Vascular_Diseases.Hypertension.Hypertension|Renal.Hypertension|Renovascular,C14.907.489.631.485
Vascular_Diseases.Hypertension.Hypertensive_Retinopathy,C14.907.489.815
Vascular_Diseases.Hypertension.Masked_Hypertension,C14.907.489.861
Vascular_Diseases.Hypertension.White_Coat_Hypertension,C14.907.489.907
Vascular_Diseases.Hypotension,C14.907.514
Vascular_Diseases.Hypotension.Hypotension|Orthostatic,C14.907.514.482
Vascular_Diseases.Hypotension.Post~Exercise_Hypotension,C14.907.514.611
Vascular_Diseases.Hypotension.Shy~Drager_Syndrome,C14.907.514.741
Vascular_Diseases.Mesenteric_Ischemia,C14.907.549
Vascular_Diseases.Myocardial_Ischemia,C14.907.585
Vascular_Diseases.Myocardial_Ischemia.Acute_Coronary_Syndrome,C14.907.585.124
Vascular_Diseases.Myocardial_Ischemia.Angina_Pectoris,C14.907.585.187
Vascular_Diseases.Myocardial_Ischemia.Angina_Pectoris.Angina|Unstable,C14.907.585.187.150
Vascular_Diseases.Myocardial_Ischemia.Angina_Pectoris.Angina|Unstable.Angina_Pectoris|Variant,C14.907.585.187.150.500
Vascular_Diseases.Myocardial_Ischemia.Angina_Pectoris.Angina|Stable,C14.907.585.187.362
Vascular_Diseases.Myocardial_Ischemia.Angina_Pectoris.Microvascular_Angina,C14.907.585.187.575
Vascular_Diseases.Myocardial_Ischemia.Coronary_Disease,C14.907.585.250
Vascular_Diseases.Myocardial_Ischemia.Coronary_Disease.Coronary_Aneurysm,C14.907.585.250.250
Vascular_Diseases.Myocardial_Ischemia.Coronary_Disease.Coronary_Artery_Disease,C14.907.585.250.260
Vascular_Diseases.Myocardial_Ischemia.Coronary_Disease.Coronary_Occlusion,C14.907.585.250.272
Vascular_Diseases.Myocardial_Ischemia.Coronary_Disease.Coronary_Stenosis,C14.907.585.250.285
Vascular_Diseases.Myocardial_Ischemia.Coronary_Disease.Coronary_Stenosis.Coronary_Restenosis,C14.907.585.250.285.200
Vascular_Diseases.Myocardial_Ischemia.Coronary_Disease.Coronary_Thrombosis,C14.907.585.250.290
Vascular_Diseases.Myocardial_Ischemia.Coronary_Disease.Coronary_Vasospasm,C14.907.585.250.295
Vascular_Diseases.Myocardial_Ischemia.Coronary_Disease.Coronary~Subclavian_Steal_Syndrome,C14.907.585.250.647
Vascular_Diseases.Myocardial_Ischemia.Kounis_Syndrome,C14.907.585.375
Vascular_Diseases.Myocardial_Ischemia.Myocardial_Infarction,C14.907.585.500
Vascular_Diseases.Myocardial_Ischemia.Myocardial_Infarction.Anterior_Wall_Myocardial_Infarction,C14.907.585.500.093
Vascular_Diseases.Myocardial_Ischemia.Myocardial_Infarction.Inferior_Wall_Myocardial_Infarction,C14.907.585.500.187
Vascular_Diseases.Myocardial_Ischemia.Myocardial_Infarction.No~Reflow_Phenomenon,C14.907.585.500.562
Vascular_Diseases.Myocardial_Ischemia.Myocardial_Infarction.Non~ST_Elevated_Myocardial_Infarction,C14.907.585.500.656
Vascular_Diseases.Myocardial_Ischemia.Myocardial_Infarction.Shock|Cardiogenic,C14.907.585.500.750
Vascular_Diseases.Myocardial_Ischemia.Myocardial_Infarction.ST_Elevation_Myocardial_Infarction,C14.907.585.500.875
Vascular_Diseases.Myocardial_Ischemia.Myocardial_Reperfusion_Injury,C14.907.585.625
Vascular_Diseases.Optic_Neuropathy|Ischemic,C14.907.601
Vascular_Diseases.Peliosis_Hepatis,C14.907.609
Vascular_Diseases.Peripheral_Vascular_Diseases,C14.907.617
Vascular_Diseases.Peripheral_Vascular_Diseases.Blue_Toe_Syndrome,C14.907.617.249
Vascular_Diseases.Peripheral_Vascular_Diseases.Erythromelalgia,C14.907.617.500
Vascular_Diseases.Peripheral_Vascular_Diseases.Livedo_Reticularis,C14.907.617.625
Vascular_Diseases.Peripheral_Vascular_Diseases.May~Thurner_Syndrome,C14.907.617.648
Vascular_Diseases.Peripheral_Vascular_Diseases.Peripheral_Arterial_Disease,C14.907.617.671
Vascular_Diseases.Peripheral_Vascular_Diseases.Phlebitis,C14.907.617.718
Vascular_Diseases.Peripheral_Vascular_Diseases.Phlebitis.Postphlebitic_Syndrome,C14.907.617.718.760
Vascular_Diseases.Peripheral_Vascular_Diseases.Phlebitis.Thrombophlebitis,C14.907.617.718.788
Vascular_Diseases.Peripheral_Vascular_Diseases.Phlebitis.Thrombophlebitis.Lemierre_Syndrome,C14.907.617.718.788.500
Vascular_Diseases.Peripheral_Vascular_Diseases.Raynaud_Disease,C14.907.617.812
Vascular_Diseases.Peripheral_Vascular_Diseases.Raynaud_Disease.CREST_Syndrome,C14.907.617.812.500
Vascular_Diseases.Prehypertension,C14.907.653
Vascular_Diseases.Pulmonary_Veno~Occlusive_Disease,C14.907.690
Vascular_Diseases.Reperfusion_Injury,C14.907.725
Vascular_Diseases.Reperfusion_Injury.Myocardial_Reperfusion_Injury,C14.907.725.600
Vascular_Diseases.Reperfusion_Injury.Primary_Graft_Dysfunction,C14.907.725.675
Vascular_Diseases.Retinal_Vein_Occlusion,C14.907.760
Vascular_Diseases.Scimitar_Syndrome,C14.907.780
Vascular_Diseases.Spinal_Cord_Vascular_Diseases,C14.907.790
Vascular_Diseases.Spinal_Cord_Vascular_Diseases.Spinal_Cord_Ischemia,C14.907.790.550
Vascular_Diseases.Spinal_Cord_Vascular_Diseases.Spinal_Cord_Ischemia.Anterior_Spinal_Artery_Syndrome,C14.907.790.550.100
Vascular_Diseases.Splenic_Infarction,C14.907.795
Vascular_Diseases.Stenosis|Pulmonary_Vein,C14.907.798
Vascular_Diseases.Superior_Vena_Cava_Syndrome,C14.907.800
Vascular_Diseases.Telangiectasis,C14.907.823
Vascular_Diseases.Telangiectasis.Ataxia_Telangiectasia,C14.907.823.213
Vascular_Diseases.Telangiectasis.CREST_Syndrome,C14.907.823.225
Vascular_Diseases.Telangiectasis.Retinal_Telangiectasis,C14.907.823.502
Vascular_Diseases.Telangiectasis.Telangiectasia|Hereditary_Hemorrhagic,C14.907.823.780
Vascular_Diseases.Thoracic_Outlet_Syndrome,C14.907.863
Vascular_Diseases.Thoracic_Outlet_Syndrome.Cervical_Rib_Syndrome,C14.907.863.200
Vascular_Diseases.Varicocele,C14.907.903
Vascular_Diseases.Varicose_Veins,C14.907.927
Vascular_Diseases.Varicose_Veins.Varicose_Ulcer,C14.907.927.730
Vascular_Diseases.Vascular_Fistula,C14.907.933
Vascular_Diseases.Vascular_Fistula.Arterio~Arterial_Fistula,C14.907.933.110
Vascular_Diseases.Vascular_Fistula.Arterio~Arterial_Fistula.Bland_White_Garland_Syndrome,C14.907.933.110.500
Vascular_Diseases.Vascular_Fistula.Arteriovenous_Fistula,C14.907.933.555
Vascular_Diseases.Vascular_Fistula.Arteriovenous_Fistula.Carotid~Cavernous_Sinus_Fistula,C14.907.933.555.500
Vascular_Diseases.Vascular_Neoplasms,C14.907.936
Vascular_Diseases.Vascular_System_Injuries,C14.907.937
Vascular_Diseases.Vasculitis,C14.907.940
Vascular_Diseases.Vasculitis.Aortitis,C14.907.940.080
Vascular_Diseases.Vasculitis.Arteritis,C14.907.940.090
Vascular_Diseases.Vasculitis.Arteritis.AIDS_Arteritis|Central_Nervous_System,C14.907.940.090.170
Vascular_Diseases.Vasculitis.Arteritis.Endarteritis,C14.907.940.090.340
Vascular_Diseases.Vasculitis.Arteritis.Giant_Cell_Arteritis,C14.907.940.090.530
Vascular_Diseases.Vasculitis.Arteritis.Polyarteritis_Nodosa,C14.907.940.090.720
Vascular_Diseases.Vasculitis.Arteritis.Takayasu_Arteritis,C14.907.940.090.800
Vascular_Diseases.Vasculitis.Behcet_Syndrome,C14.907.940.100
Vascular_Diseases.Vasculitis.Cogan_Syndrome,C14.907.940.320
Vascular_Diseases.Vasculitis.Malignant_Atrophic_Papulosis,C14.907.940.530
Vascular_Diseases.Vasculitis.Mucocutaneous_Lymph_Node_Syndrome,C14.907.940.560
Vascular_Diseases.Vasculitis.Phlebitis,C14.907.940.740
Vascular_Diseases.Vasculitis.Phlebitis.Thrombophlebitis,C14.907.940.740.910
Vascular_Diseases.Vasculitis.Phlebitis.Thrombophlebitis.Lemierre_Syndrome,C14.907.940.740.910.500
Vascular_Diseases.Vasculitis.Purpura|Schoenlein~Henoch,C14.907.940.777
Vascular_Diseases.Vasculitis.Retinal_Vasculitis,C14.907.940.815
Vascular_Diseases.Vasculitis.Shwartzman_Phenomenon,C14.907.940.890
Vascular_Diseases.Vasculitis.Systemic_Vasculitis,C14.907.940.897
Vascular_Diseases.Vasculitis.Systemic_Vasculitis.Anti~Neutrophil_Cytoplasmic_Antibody~Associated_Vasculitis,C14.907.940.897.249
Vascular_Diseases.Vasculitis.Systemic_Vasculitis.Anti~Neutrophil_Cytoplasmic_Antibody~Associated_Vasculitis.Churg~Strauss_Syndrome,C14.907.940.897.249.249
Vascular_Diseases.Vasculitis.Systemic_Vasculitis.Anti~Neutrophil_Cytoplasmic_Antibody~Associated_Vasculitis.Microscopic_Polyangiitis,C14.907.940.897.249.500
Vascular_Diseases.Vasculitis.Systemic_Vasculitis.Anti~Neutrophil_Cytoplasmic_Antibody~Associated_Vasculitis.Granulomatosis_with_Polyangiitis,C14.907.940.897.249.750
Vascular_Diseases.Vasculitis.Systemic_Vasculitis.Polyarteritis_Nodosa,C14.907.940.897.500
Vascular_Diseases.Vasculitis.Systemic_Vasculitis.Rheumatoid_Vasculitis,C14.907.940.897.750
Vascular_Diseases.Vasculitis.Thromboangiitis_Obliterans,C14.907.940.905
Vascular_Diseases.Vasculitis.Vasculitis|Central_Nervous_System,C14.907.940.907
Vascular_Diseases.Vasculitis.Vasculitis|Central_Nervous_System.AIDS_Arteritis|Central_Nervous_System,C14.907.940.907.175
Vascular_Diseases.Vasculitis.Vasculitis|Central_Nervous_System.Giant_Cell_Arteritis,C14.907.940.907.700
Vascular_Diseases.Vasculitis.Vasculitis|Central_Nervous_System.Lupus_Vasculitis|Central_Nervous_System,C14.907.940.907.850
Vascular_Diseases.Vasculitis.Vasculitis|Leukocytoclastic|Cutaneous,C14.907.940.910
Vascular_Diseases.Vasoplegia,C14.907.946
Vascular_Diseases.Venous_Insufficiency,C14.907.952
Vascular_Diseases.Venous_Insufficiency.Postphlebitic_Syndrome,C14.907.952.760
Vascular_Diseases.Venous_Insufficiency.Postthrombotic_Syndrome,C14.907.952.880
